Community Area,Population (DP05),Unemployment Rate (S2301),Unemployment number (S1701),Poverty Rate (S1701),Poverty Number (S1701), 185% FPL Number (S1701) ,% 185% FPL (S1701), 200% FPL Number (S1701) ,% 200% FPL (S1701),Child poverty rate (S1701),Child poverty number (S1701),"Older adult poverty rate, 60 years and over (S1701)","Older adult poverty number, 60 years and older (S1701)","Older adult poverty rate, 65 years and over (S1701)","Older adult poverty number, 65 years and older (S1701)",Veteran poverty rate (C21007),Veteran poverty number (C21007),People with disabilities poverty rate (C18130),People with disabilities poverty number (C18130),Full-time workers poverty rate (S1701 work exp.),Full-time workers poverty number (S1701 work exp.),Part-time workers poverty rate (S1701 work exp.),Part-time workers poverty number (S1701 work exp.),Median income (S1903),African American Rate (DP05 alone or in combo),African American Number (DP05 alone or in combo),American Indian or Alaskan Native Rate (DP05 alone or in combo),American Indian or Alaskan Native Number (DP05 alone or in combo),Asian or Pacific Islander Rate (DP05 alone or in combo),Asian or Pacific Islander Number (DP05 alone or in combo),Caucasian or White Rate (DP05 alone or in combo),Caucasian or White Number (DP05 alone or in combo),Hispanic/Latino Rate (DP05),Hispanic/Latino number (DP05),Other Ethnicity  Rate (DP05 alone or in combo),Other Ethnicity number (DP05 alone or in combo),SNAP participation rate (B22003),Percent of all households that do not receive SNAP benefits and that are in poverty (B22003),Number,Rate
Albany Park,"52,079",9%,"2,648",19%,"9,817","20,492",41%,"23,000",46%,30%,"3,613",13%,854,15%,655,13%,124,22%,"1,066",4%,783,21%,"2,290","53,084",6%,"3,025",1%,282,18%,"9,243",59%,"30,740",48%,"25,003",21%,"11,194",18%,10%,"5,172",9.90%
Alsip,"19,396",12%,"1,291",10%,"1,978","6,076",31%,"6,624",34%,13%,581,6%,198,6%,155,9%,112,14%,343,2%,147,8%,316,"53,517",17%,"3,254",1%,127,1%,261,71%,"13,812",28%,"5,382",11%,"2,220",12%,6%,"2,347",12.10%
Archer Heights,"13,293",12%,788,16%,"2,158","5,374",41%,"5,915",45%,26%,989,14%,256,14%,185,9%,18,17%,167,3%,113,19%,486,"44,170",2%,254,2%,209,3%,417,61%,"8,134",76%,"10,126",35%,"4,640",22%,6%,399,3.00%
Arlington Heights,"75,802",6%,"2,374",5%,"3,434","9,068",12%,"10,215",14%,5%,767,6%,"1,031",7%,871,4%,146,10%,654,1%,325,5%,726,"81,059",2%,"1,412",0%,188,10%,"7,358",88%,"66,712",6%,"4,246",2%,"1,527",4%,4%,"6,216",8.20%
Armour Square,"14,007",15%,"1,074",37%,"5,160","8,730",62%,"9,013",64%,40%,"1,059",46%,"1,667",54%,"1,468",41%,75,51%,779,12%,426,33%,980,"24,895",10%,"1,430",1%,180,75%,"10,476",15%,"2,140",3%,426,1%,162,31%,20%,"3,828",27.30%
Ashburn,"42,752",14%,"2,981",12%,"5,224","11,334",27%,"12,506",30%,18%,"1,988",8%,512,7%,293,7%,122,13%,541,3%,329,15%,"1,218","62,946",51%,"21,784",1%,439,1%,332,30%,"12,625",36%,"15,455",21%,"9,085",18%,6%,"5,677",13.30%
Auburn Gresham,"45,842",26%,"5,234",29%,"13,469","24,723",54%,"25,779",56%,42%,"4,397",19%,"1,919",18%,"1,333",17%,380,28%,"2,127",3%,269,31%,"2,490","30,381",98%,"45,024",1%,248,0%,218,2%,805,2%,689,0%,222,34%,11%,"18,703",40.80%
Austin,"97,643",19%,"8,110",31%,"29,529","52,380",54%,"55,321",57%,43%,"11,001",20%,"3,469",19%,"2,172",17%,555,32%,"5,249",7%,"1,570",27%,"3,789","33,127",84%,"82,213",0%,301,1%,679,9%,"8,558",11%,"11,132",7%,"6,816",36%,10%,"33,681",34.50%
Avalon Park,"9,813",22%,"1,008",21%,"2,070","3,680",38%,"3,847",39%,27%,465,13%,355,9%,174,9%,52,27%,442,3%,76,23%,348,"40,006",98%,"9,648",0%,11,1%,100,1%,102,1%,62,0%,19,29%,7%,"3,397",34.60%
Avondale,"39,721",8%,"1,668",21%,"8,349","18,669",47%,"19,935",51%,29%,"2,672",18%,922,21%,716,16%,103,20%,641,6%,805,21%,"1,392","44,187",3%,"1,177",1%,491,5%,"1,825",86%,"34,044",62%,"24,563",8%,"3,184",14%,12%,"2,732",6.90%
Barrington,"10,576",6%,298,6%,648,"1,042",10%,"1,042",10%,9%,253,9%,201,8%,141,2%,10,12%,104,2%,60,7%,155,"116,062",0%,28,0%,7,5%,561,95%,"10,032",5%,531,0%,10,7%,4%,825,7.80%
Barrington Hills,"3,370",3%,59,7%,235,507,15%,646,19%,21%,115,4%,46,3%,27,0%,1,4%,5,2%,22,4%,31,"128,529",2%,54,0%,0,9%,300,90%,"3,017",0%,7,0%,0,0%,5%,179,5.30%
Bartlett,"41,552",5%,"1,311",4%,"1,704","3,487",8%,"3,953",10%,6%,628,5%,323,4%,172,3%,42,6%,154,1%,164,4%,343,"100,105",2%,944,1%,333,17%,"6,855",79%,"32,737",11%,"4,401",4%,"1,602",4%,3%,"2,119",5.10%
Bedford Park,646,12%,46,12%,77,164,25%,179,28%,24%,36,2%,2,3%,2,0%,0,6%,3,1%,2,6%,10,"54,219",0%,0,1%,3,1%,4,92%,594,33%,210,7%,47,7%,6%,50,7.70%
Bellwood,"19,190",15%,"1,560",14%,"2,563","6,055",32%,"6,687",35%,20%,913,7%,236,5%,125,12%,104,20%,376,1%,59,15%,636,"48,978",76%,"14,633",1%,105,1%,238,16%,"3,092",19%,"3,611",9%,"1,647",26%,6%,"4,241",22.10%
Belmont Cragin,"79,210",12%,"4,992",21%,"16,412","37,043",47%,"40,128",51%,31%,"7,036",14%,"1,352",14%,875,10%,97,22%,"1,556",6%,"1,439",22%,"3,203","43,790",4%,"3,385",1%,462,2%,"1,688",47%,"37,585",80%,"63,377",48%,"38,120",22%,9%,"3,567",4.50%
Berkeley,"5,217",9%,258,7%,378,939,18%,"1,113",21%,7%,87,10%,81,9%,50,3%,10,24%,116,0%,0,14%,126,"63,516",27%,"1,383",1%,40,7%,343,52%,"2,731",36%,"1,850",15%,781,12%,4%,386,7.40%
Berwyn,"56,706",11%,"3,146",14%,"7,915","18,655",33%,"20,689",37%,22%,"3,220",9%,750,9%,504,8%,167,19%,923,4%,690,15%,"1,538","57,355",8%,"4,258",1%,466,3%,"1,536",69%,"39,133",62%,"34,927",23%,"13,204",18%,6%,"2,665",4.70%
Beverly,"20,815",7%,784,5%,943,"2,179",10%,"2,677",13%,3%,133,5%,208,3%,87,1%,14,15%,228,0%,1,8%,321,"86,674",36%,"7,576",1%,128,1%,119,63%,"13,063",7%,"1,414",2%,368,4%,4%,"2,435",11.70%
Blue Island,"23,096",15%,"1,731",23%,"5,366","11,234",49%,"11,803",51%,36%,"2,178",11%,431,7%,197,12%,90,19%,528,5%,302,24%,"1,043","37,670",31%,"7,105",2%,369,2%,391,43%,"10,016",48%,"11,158",27%,"6,175",24%,10%,"3,557",15.40%
Bridgeport,"33,939",11%,"2,118",21%,"7,104","14,527",43%,"15,650",46%,30%,"2,066",14%,798,12%,430,14%,141,25%,819,5%,538,25%,"1,823","44,634",4%,"1,440",1%,278,35%,"11,990",51%,"17,223",28%,"9,558",11%,"3,901",16%,12%,"4,911",14.50%
Bridgeview,"16,359",11%,863,20%,"3,172","6,498",41%,"6,937",44%,33%,"1,350",13%,375,12%,230,10%,85,22%,433,5%,233,22%,656,"50,615",2%,387,0%,73,6%,"1,015",89%,"14,511",17%,"2,737",5%,776,16%,7%,"2,143",13.10%
Brighton Park,"44,202",13%,"2,721",28%,"12,181","25,548",58%,"27,520",63%,36%,"4,844",25%,"1,222",22%,653,12%,48,34%,"1,277",10%,"1,190",28%,"2,085","35,660",3%,"1,187",2%,713,7%,"3,030",59%,"25,996",85%,"37,620",32%,"13,960",27%,11%,"2,584",5.80%
Broadview,"7,957",18%,831,12%,976,"1,762",22%,"1,935",24%,24%,343,5%,100,8%,100,2%,14,19%,213,0%,0,14%,277,"52,873",75%,"5,926",0%,22,4%,277,22%,"1,772",8%,614,1%,88,17%,7%,"2,085",26.20%
Brookfield,"18,964",6%,619,10%,"1,839","3,281",17%,"3,614",19%,15%,638,6%,221,3%,71,3%,23,18%,328,1%,34,13%,465,"74,875",4%,822,1%,174,1%,165,91%,"17,342",19%,"3,511",4%,799,8%,8%,"1,422",7.50%
Buffalo Grove,"41,591",6%,"1,500",4%,"1,776","4,206",10%,"4,689",11%,4%,340,5%,412,6%,348,4%,53,11%,359,1%,103,7%,516,"100,098",3%,"1,061",1%,317,19%,"7,932",78%,"32,608",4%,"1,498",1%,388,4%,4%,"3,369",8.10%
Burbank,"29,157",11%,"1,529",13%,"3,812","9,451",33%,"10,389",36%,21%,"1,438",10%,522,9%,336,1%,14,13%,478,3%,297,12%,662,"53,105",2%,642,1%,148,3%,914,85%,"24,863",29%,"8,486",11%,"3,100",13%,6%,"2,420",8.30%
Burnham,"4,224",20%,396,21%,811,"1,581",41%,"1,662",43%,33%,301,11%,56,13%,48,15%,25,30%,159,1%,12,21%,157,"45,638",59%,"2,507",0%,17,1%,22,35%,"1,458",25%,"1,062",6%,258,20%,10%,"1,026",24.30%
Burnside,"2,601",21%,234,36%,929,"1,502",58%,"1,534",59%,57%,361,29%,199,27%,127,14%,17,38%,228,3%,13,21%,136,"23,274",100%,"2,601",0%,0,0%,0,0%,0,0%,0,0%,0,42%,11%,"1,048",40.30%
Burr Ridge,"10,753",5%,267,6%,661,"1,098",10%,"1,295",12%,2%,51,6%,227,5%,115,6%,36,19%,149,0%,0,6%,119,"115,260",3%,301,0%,8,14%,"1,549",84%,"9,018",5%,568,0%,30,2%,7%,667,6.20%
Calumet City,"37,184",20%,"3,662",22%,"8,245","16,315",44%,"17,368",47%,34%,"3,311",15%,"1,022",14%,636,13%,272,28%,"1,345",4%,415,23%,"1,567","38,557",75%,"27,878",2%,544,1%,172,22%,"8,132",14%,"5,071",3%,"1,122",24%,11%,"10,895",29.30%
Calumet Heights,"13,732",17%,"1,094",12%,"1,697","4,366",32%,"4,635",34%,13%,300,10%,473,9%,290,5%,46,16%,480,3%,119,9%,230,"50,429",95%,"13,041",0%,54,0%,5,5%,661,3%,443,1%,136,23%,6%,"3,782",27.50%
Calumet Park,"8,367",21%,948,17%,"1,452","2,748",33%,"2,931",35%,30%,526,13%,230,11%,123,0%,0,19%,251,1%,29,16%,264,"47,050",89%,"7,481",0%,30,0%,29,11%,932,7%,622,2%,149,18%,8%,"2,569",30.70%
Chatham,"31,359",20%,"3,043",28%,"8,650","14,708",47%,"15,387",49%,39%,"2,664",20%,"1,454",17%,841,15%,287,35%,"1,952",5%,371,29%,"1,575","34,269",98%,"30,740",0%,130,0%,135,2%,526,1%,287,1%,163,34%,10%,"11,952",38.10%
Chicago Heights,"30,428",18%,"2,568",28%,"8,432","12,923",43%,"13,568",45%,38%,"3,077",17%,825,15%,508,13%,173,28%,918,7%,532,27%,"1,351","41,947",42%,"12,751",1%,157,0%,31,41%,"12,422",34%,"10,330",20%,"5,981",26%,12%,"6,572",21.60%
Chicago Lawn,"55,551",22%,"5,588",31%,"17,282","31,632",57%,"34,345",62%,43%,"7,121",20%,"1,338",20%,851,13%,164,40%,"2,005",7%,904,27%,"2,724","34,127",49%,"27,011",1%,413,1%,543,19%,"10,573",47%,"26,377",33%,"18,350",36%,10%,"13,365",24.10%
Chicago Ridge,"14,407",9%,648,21%,"2,927","5,866",42%,"6,236",45%,31%,"1,189",15%,257,10%,130,13%,56,24%,309,6%,268,20%,580,"45,458",11%,"1,574",0%,0,5%,762,81%,"11,603",13%,"1,802",5%,756,19%,6%,"2,363",16.40%
Cicero,"84,361",12%,"4,682",21%,"17,911","41,478",50%,"45,107",54%,30%,"8,085",14%,"1,065",13%,614,7%,79,23%,"1,307",6%,"1,420",23%,"3,483","41,866",4%,"3,341",1%,946,1%,663,46%,"38,559",89%,"74,699",50%,"42,237",27%,9%,"2,278",2.70%
Clearing,"24,962",10%,"1,365",11%,"2,686","6,056",24%,"6,723",27%,18%,"1,097",9%,392,6%,204,4%,43,12%,318,2%,151,14%,641,"59,620",2%,546,1%,220,2%,524,75%,"18,656",50%,"12,361",27%,"6,771",11%,5%,"1,057",4.20%
Country Club Hills,"16,806",22%,"1,848",18%,"3,084","5,906",35%,"6,343",38%,25%,"1,037",10%,340,14%,305,2%,22,17%,337,1%,50,28%,640,"55,148",86%,"14,385",1%,108,1%,105,14%,"2,359",5%,904,2%,245,16%,10%,"5,092",30.30%
Countryside,"5,984",5%,160,13%,795,"1,507",25%,"1,738",29%,28%,338,7%,97,8%,83,6%,25,14%,103,4%,80,15%,195,"56,659",4%,225,0%,0,2%,140,90%,"5,406",19%,"1,138",4%,253,15%,5%,479,8.00%
Crestwood,"11,027",9%,496,9%,924,"2,337",22%,"2,682",25%,7%,148,12%,313,12%,235,17%,108,18%,304,2%,67,5%,92,"53,081",8%,846,0%,24,1%,80,90%,"9,929",7%,790,2%,221,11%,5%,"1,268",11.50%
Des Plaines,"58,930",6%,"2,073",7%,"4,330","11,463",20%,"12,980",22%,10%,"1,122",6%,847,7%,656,3%,86,13%,768,2%,490,8%,859,"65,109",2%,"1,177",1%,419,15%,"8,966",77%,"45,584",18%,"10,818",7%,"3,942",7%,5%,"3,948",6.70%
Dixmoor,"3,626",17%,252,37%,"1,322","2,217",61%,"2,494",69%,51%,635,11%,44,16%,44,15%,19,38%,147,14%,99,40%,281,"38,061",42%,"1,529",3%,96,0%,10,35%,"1,275",47%,"1,708",22%,798,30%,13%,725,20.00%
Dolton,"23,283",24%,"3,016",25%,"5,712","9,404",41%,"10,480",46%,40%,"2,102",13%,517,13%,319,10%,118,22%,677,3%,206,26%,"1,213","45,346",92%,"21,337",1%,125,1%,154,8%,"1,791",5%,"1,239",1%,240,28%,8%,"8,056",34.60%
Douglas,"20,323",16%,"1,427",40%,"7,040","9,243",52%,"9,790",55%,55%,"1,752",34%,"1,137",34%,805,20%,121,46%,"1,372",5%,246,40%,"1,640","31,332",72%,"14,565",0%,81,15%,"3,083",13%,"2,727",2%,485,1%,259,29%,14%,"7,377",36.30%
Dunning,"43,025",7%,"1,694",11%,"4,863","11,287",26%,"12,482",29%,15%,"1,345",12%,"1,050",12%,785,8%,111,18%,734,2%,370,14%,"1,123","59,394",3%,"1,154",0%,117,5%,"2,319",86%,"37,039",27%,"11,448",7%,"3,081",7%,9%,"3,084",7.20%
East Garfield Park,"20,665",20%,"1,429",48%,"9,708","13,835",68%,"14,051",69%,59%,"3,633",43%,"1,108",42%,764,33%,196,53%,"1,778",9%,342,41%,968,"22,950",92%,"19,092",0%,36,0%,67,6%,"1,257",4%,728,2%,406,52%,10%,"8,885",43.00%
East Hazel Crest,"1,611",22%,186,29%,468,686,43%,790,49%,45%,140,5%,16,4%,9,23%,24,17%,24,2%,9,22%,47,"45,353",51%,821,1%,15,3%,43,39%,630,16%,254,7%,120,17%,12%,461,28.60%
East Side,"23,817",17%,"1,914",22%,"5,174","11,557",49%,"12,679",53%,36%,"2,721",8%,248,8%,169,9%,50,17%,427,6%,387,23%,895,"45,882",5%,"1,115",1%,238,0%,81,85%,"20,140",80%,"18,992",12%,"2,755",21%,7%,"1,323",5.60%
Edgewater,"54,873",8%,"2,658",18%,"9,532","16,576",32%,"17,537",34%,29%,"1,778",18%,"1,834",15%,"1,042",8%,152,36%,"2,218",3%,675,21%,"2,376","47,699",16%,"8,788",1%,395,14%,"7,667",70%,"38,327",16%,"8,918",3%,"1,878",11%,10%,"9,301",17.00%
Edison Park,"11,356",5%,317,2%,221,980,9%,"1,103",10%,0%,10,3%,62,3%,58,1%,5,4%,33,0%,1,5%,82,"83,184",1%,155,0%,18,2%,229,96%,"10,917",9%,"1,063",2%,175,1%,3%,681,6.00%
Elgin,"112,105",9%,"5,021",14%,"14,985","36,990",34%,"40,420",37%,21%,"6,538",9%,"1,345",8%,887,10%,406,19%,"1,778",3%,971,16%,"3,416","60,499",8%,"8,916",1%,933,7%,"7,777",67%,"75,150",45%,"49,917",20%,"22,334",15%,7%,"6,838",6.10%
Elk Grove Village,"33,333",5%,"1,025",5%,"1,594","4,527",14%,"5,188",16%,7%,450,3%,253,3%,167,8%,131,10%,305,1%,176,5%,305,"68,527",1%,411,1%,215,12%,"3,875",84%,"27,882",10%,"3,423",5%,"1,741",6%,4%,"2,500",7.50%
Elmwood Park,"24,971",10%,"1,330",9%,"2,273","6,356",26%,"6,992",28%,9%,439,10%,560,11%,434,9%,91,18%,541,2%,128,10%,509,"56,196",3%,776,1%,176,5%,"1,165",84%,"20,865",27%,"6,652",10%,"2,544",11%,7%,"2,148",8.60%
Englewood,"26,121",36%,"3,583",46%,"12,062","18,769",72%,"19,655",76%,58%,"4,234",30%,"1,345",28%,892,25%,234,49%,"2,260",10%,377,43%,"1,667","20,757",96%,"25,119",1%,179,1%,206,2%,421,3%,682,2%,527,51%,13%,"13,331",51.00%
Evanston,"75,603",7%,"2,660",13%,"9,210","16,534",24%,"17,591",26%,10%,"1,554",7%,856,6%,570,3%,60,15%,890,2%,431,19%,"2,870","70,041",19%,"14,087",1%,660,11%,"8,296",71%,"53,635",11%,"7,934",3%,"1,871",6%,11%,"10,811",14.30%
Evergreen Park,"19,934",9%,994,8%,"1,631","3,524",18%,"3,816",19%,10%,490,10%,353,6%,145,7%,75,15%,338,2%,112,6%,248,"64,385",22%,"4,405",0%,72,1%,281,76%,"15,191",11%,"2,262",2%,471,9%,6%,"2,392",12.00%
Flossmoor,"9,492",9%,442,2%,232,"1,627",17%,"1,659",17%,1%,22,4%,104,4%,72,0%,1,8%,79,0%,12,2%,29,"94,074",53%,"5,021",0%,16,3%,238,46%,"4,367",4%,356,1%,101,3%,5%,"1,338",14.10%
Ford Heights,"2,780",43%,447,45%,"1,258","1,781",64%,"1,812",65%,62%,488,19%,71,13%,41,29%,32,47%,209,8%,31,43%,147,"21,050",97%,"2,700",0%,0,2%,44,3%,76,2%,47,1%,21,52%,15%,"1,512",54.40%
Forest Glen,"18,437",6%,574,4%,781,"2,216",12%,"2,392",13%,3%,143,5%,231,6%,186,2%,16,10%,179,1%,54,5%,156,"102,432",2%,290,1%,96,15%,"2,796",81%,"14,991",12%,"2,204",5%,942,4%,5%,954,5.20%
Forest Park,"14,194",10%,890,10%,"1,382","3,156",23%,"3,426",24%,15%,342,9%,223,8%,142,3%,18,20%,241,1%,74,11%,372,"51,927",32%,"4,544",0%,42,9%,"1,331",57%,"8,071",10%,"1,438",4%,556,8%,7%,"2,441",17.20%
Forest View,703,10%,35,3%,20,169,24%,241,34%,1%,2,4%,8,5%,8,0%,0,8%,7,0%,0,0%,0,"52,500",0%,0,0%,0,1%,9,85%,594,42%,297,15%,105,9%,3%,15,2.10%
Franklin Park,"18,410",9%,919,11%,"1,981","5,105",28%,"5,439",30%,17%,658,7%,219,6%,133,9%,56,16%,256,4%,289,8%,263,"55,926",2%,368,0%,56,3%,608,80%,"14,756",44%,"8,050",16%,"2,982",9%,6%,828,4.50%
Fuller Park,"2,457",32%,317,33%,814,"1,357",56%,"1,449",59%,44%,208,36%,263,36%,200,17%,29,48%,317,1%,5,28%,110,"17,320",92%,"2,268",0%,0,0%,0,4%,105,6%,152,3%,84,50%,7%,"1,081",44.00%
Gage Park,"41,202",16%,"3,157",23%,"9,306","24,690",61%,"26,561",65%,32%,"4,243",15%,561,15%,401,16%,83,20%,528,6%,655,24%,"1,854","38,804",4%,"1,726",0%,155,1%,449,43%,"17,822",92%,"38,009",53%,"21,641",31%,9%,"1,820",4.40%
Garfield Ridge,"35,632",11%,"2,087",8%,"2,677","7,850",22%,"8,620",24%,9%,755,6%,416,6%,292,3%,48,9%,354,1%,78,9%,529,"63,294",5%,"1,726",0%,173,2%,716,76%,"27,241",47%,"16,618",19%,"6,685",9%,5%,"1,569",4.40%
Glencoe,"8,881",2%,89,4%,325,648,7%,657,7%,2%,46,2%,46,3%,46,0%,0,17%,82,0%,7,6%,88,"180,208",1%,114,0%,15,4%,333,96%,"8,527",4%,394,0%,15,1%,4%,222,2.50%
Glenview,"45,969",5%,"1,031",4%,"1,996","5,424",12%,"5,874",13%,5%,571,4%,478,4%,377,3%,62,7%,303,1%,126,4%,319,"93,240",2%,741,0%,192,14%,"6,623",85%,"38,853",7%,"3,355",1%,455,2%,4%,"2,896",6.30%
Glenwood,"8,923",17%,707,13%,"1,121","2,944",34%,"3,446",39%,16%,335,11%,186,11%,137,10%,67,16%,181,3%,62,19%,269,"54,544",71%,"6,371",1%,97,1%,59,27%,"2,436",8%,675,2%,138,12%,10%,"2,133",23.90%
Golf,474,8%,18,2%,11,59,12%,66,14%,2%,3,0%,0,0%,0,0%,0,7%,2,0%,0,3%,2,"161,563",0%,2,0%,0,5%,22,95%,451,12%,59,0%,0,0%,1%,14,3.00%
Grand Boulevard,"22,750",23%,"2,381",35%,"7,957","11,992",53%,"12,400",55%,46%,"2,590",36%,"1,525",37%,"1,112",25%,255,40%,"1,635",4%,233,35%,"1,480","31,028",93%,"21,095",1%,293,1%,284,5%,"1,209",3%,574,2%,398,37%,10%,"9,388",41.30%
Greater Grand Crossing,"32,346",25%,"3,560",39%,"12,350","17,927",56%,"18,925",60%,57%,"4,711",23%,"1,272",20%,755,13%,185,35%,"1,748",6%,413,35%,"2,009","28,288",97%,"31,519",1%,291,0%,22,2%,651,1%,358,1%,172,40%,12%,"14,190",43.90%
Hanover Park,"38,373",9%,"1,798",12%,"4,569","10,807",28%,"11,739",31%,18%,"1,916",8%,379,7%,201,3%,34,15%,491,2%,311,12%,794,"67,650",9%,"3,521",1%,176,18%,"7,051",52%,"20,020",37%,"14,186",22%,"8,448",12%,7%,"2,379",6.20%
Harvey,"25,773",23%,"2,354",36%,"9,280","16,258",64%,"17,212",67%,51%,"3,387",19%,798,19%,605,10%,96,29%,866,9%,497,27%,995,"22,014",76%,"19,626",1%,297,1%,163,11%,"2,931",19%,"4,992",12%,"3,192",38%,16%,"8,969",34.80%
Harwood Heights,"8,649",8%,382,10%,841,"2,079",24%,"2,217",26%,10%,130,10%,245,12%,194,7%,18,18%,234,1%,19,11%,164,"48,174",1%,83,0%,0,6%,507,90%,"7,821",14%,"1,171",3%,272,6%,7%,943,10.90%
Hazel Crest,"14,195",17%,"1,239",17%,"2,406","4,959",35%,"5,464",39%,28%,974,9%,267,12%,223,4%,38,14%,201,3%,104,21%,528,"52,134",88%,"12,445",0%,0,0%,49,11%,"1,551",6%,816,2%,279,19%,11%,"3,989",28.10%
Hegewisch,"8,952",9%,397,18%,"1,585","2,753",31%,"2,798",31%,28%,553,14%,266,13%,174,4%,18,15%,188,3%,90,16%,267,"49,356",9%,793,1%,109,1%,78,87%,"7,760",47%,"4,243",6%,504,12%,11%,868,9.70%
Hermosa,"25,489",10%,"1,279",22%,"5,648","12,923",51%,"13,677",54%,32%,"2,304",19%,606,20%,429,8%,35,24%,709,7%,552,23%,"1,170","40,822",3%,741,1%,240,2%,605,42%,"10,663",88%,"22,491",54%,"13,864",28%,11%,870,3.40%
Hickory Hills,"13,933",11%,816,16%,"2,149","3,746",27%,"4,117",30%,29%,860,7%,205,5%,110,4%,33,20%,309,3%,129,11%,325,"58,709",4%,564,0%,35,2%,221,91%,"12,713",13%,"1,828",4%,563,12%,6%,"1,825",13.10%
Hillside,"8,190",12%,507,15%,"1,147","2,402",31%,"2,660",34%,21%,329,8%,108,8%,78,13%,58,22%,165,2%,55,23%,310,"50,787",42%,"3,475",0%,19,1%,113,38%,"3,071",33%,"2,674",19%,"1,567",15%,6%,"1,220",14.90%
Hinsdale,"17,308",6%,419,6%,957,"1,396",8%,"1,531",9%,7%,386,5%,162,4%,83,5%,27,5%,50,1%,27,6%,156,"162,722",1%,159,0%,25,10%,"1,743",90%,"15,524",4%,749,1%,147,2%,6%,"1,021",5.90%
Hodgkins,"2,097",7%,75,12%,253,867,42%,951,46%,23%,107,4%,19,6%,19,8%,8,6%,22,3%,21,15%,49,"48,750",2%,44,2%,43,0%,0,81%,"1,703",50%,"1,037",15%,323,19%,4%,88,4.20%
Hoffman Estates,"52,271",6%,"1,847",5%,"2,723","8,860",17%,"9,595",18%,7%,916,5%,440,5%,259,3%,55,10%,439,1%,180,6%,637,"84,583",5%,"2,564",1%,601,25%,"13,256",63%,"32,796",15%,"7,700",9%,"4,524",7%,3%,"3,659",7.00%
Hometown,"4,356",7%,162,7%,289,991,23%,"1,062",25%,0%,0,12%,111,12%,84,19%,24,29%,210,0%,0,3%,19,"45,426",1%,57,0%,0,0%,1,93%,"4,069",23%,"1,019",6%,258,11%,7%,261,6.00%
Homewood,"19,375",9%,894,7%,"1,350","3,749",20%,"4,347",23%,8%,354,7%,298,5%,139,3%,27,9%,160,3%,184,6%,202,"68,384",40%,"7,791",1%,192,2%,442,55%,"10,720",8%,"1,575",5%,964,11%,5%,"2,790",14.40%
Humboldt Park,"55,011",17%,"4,213",32%,"17,396","32,784",60%,"33,940",62%,46%,"7,301",22%,"1,544",24%,"1,075",19%,239,38%,"3,067",7%,"1,038",29%,"2,267","32,360",44%,"23,993",1%,427,1%,535,22%,"11,924",52%,"28,612",36%,"19,609",41%,9%,"11,749",21.40%
Hyde Park,"26,893",7%,975,22%,"5,196","8,026",33%,"8,357",35%,16%,616,8%,364,7%,247,7%,69,20%,486,2%,178,34%,"2,415","53,407",33%,"8,765",1%,239,13%,"3,629",53%,"14,357",7%,"1,891",4%,996,10%,15%,"5,654",21.00%
Indian Head Park,"3,827",4%,67,3%,100,156,4%,195,5%,0%,0,3%,33,3%,33,0%,0,0%,0,0%,0,11%,56,"81,013",3%,111,1%,30,3%,127,93%,"3,544",3%,131,2%,88,1%,2%,222,5.80%
Inverness,"7,431",6%,202,0%,12,235,3%,280,4%,0%,0,0%,0,0%,0,1%,3,1%,8,0%,0,0%,4,"161,838",0%,22,0%,14,11%,853,89%,"6,603",1%,84,0%,1,0%,0%,320,4.30%
Irving Park,"56,520",7%,"2,156",13%,"7,183","19,543",35%,"20,925",37%,16%,"1,932",11%,810,9%,414,6%,103,18%,956,3%,567,16%,"1,640","53,779",4%,"2,210",1%,434,10%,"5,550",78%,"44,220",47%,"26,359",11%,"6,019",12%,9%,"3,674",6.50%
Jefferson Park,"27,264",10%,"1,520",9%,"2,560","6,549",24%,"7,174",26%,11%,616,8%,482,8%,322,5%,43,11%,319,1%,128,12%,630,"62,652",2%,488,1%,331,11%,"2,863",82%,"22,440",23%,"6,218",8%,"2,173",9%,6%,"2,720",10.00%
Justice,"13,015",12%,833,16%,"2,027","4,228",33%,"4,678",36%,24%,855,10%,142,12%,99,5%,17,20%,222,3%,114,17%,470,"50,172",19%,"2,460",0%,9,3%,434,75%,"9,735",18%,"2,323",6%,757,22%,7%,"2,134",16.40%
Kenilworth,"2,653",3%,31,2%,48,187,7%,187,7%,0%,0,5%,22,3%,10,0%,0,4%,5,0%,0,6%,25,"203,333",1%,26,0%,0,4%,113,96%,"2,551",2%,48,0%,0,1%,4%,66,2.50%
Kenwood,"17,601",15%,"1,373",22%,"3,891","6,585",38%,"7,149",41%,26%,841,14%,547,15%,399,16%,125,31%,566,1%,70,28%,"1,112","43,282",70%,"12,289",0%,88,10%,"1,791",21%,"3,656",4%,667,2%,322,17%,12%,"5,450",31.00%
La Grange,"15,709",6%,464,6%,852,"1,934",13%,"2,080",14%,4%,184,6%,177,6%,125,2%,13,17%,187,2%,80,8%,243,"102,500",1%,32,0%,7,0%,7,99%,"2,792",1%,31,0%,4,4%,5%,"1,131",7.20%
La Grange Park,"13,649",7%,462,7%,933,"2,329",17%,"2,474",18%,4%,145,9%,256,7%,159,0%,2,7%,117,1%,40,12%,336,"75,116",4%,530,0%,35,2%,212,94%,"12,843",11%,"1,458",1%,103,5%,6%,"1,269",9.30%
Lake View,"98,212",4%,"2,691",11%,"10,455","18,030",18%,"19,029",19%,6%,642,14%,"1,430",14%,"1,032",11%,263,25%,"1,382",1%,490,25%,"5,004","79,989",5%,"4,447",1%,879,8%,"8,026",88%,"86,427",7%,"7,125",1%,"1,303",3%,9%,"12,109",12.30%
Lansing,"28,445",14%,"2,126",15%,"4,114","8,123",29%,"9,320",33%,23%,"1,438",9%,558,9%,375,6%,111,19%,562,3%,263,15%,771,"48,949",0%,0,0%,0,0%,0,100%,113,0%,0,0%,0,15%,8%,"5,035",17.70%
Lemont,"16,513",8%,694,4%,609,"2,052",13%,"2,360",14%,5%,183,5%,170,6%,160,6%,44,8%,116,0%,20,2%,86,"86,043",1%,151,0%,72,2%,299,97%,"15,930",8%,"1,271",2%,312,2%,4%,"1,255",7.60%
Lincoln Park,"66,959",4%,"1,632",11%,"6,882","10,655",17%,"11,180",18%,6%,603,15%,"1,112",16%,802,12%,169,30%,871,1%,296,27%,"3,200","97,305",5%,"3,653",1%,338,8%,"5,083",88%,"59,120",7%,"4,418",1%,673,4%,9%,"7,957",11.90%
Lincoln Square,"40,761",7%,"1,917",12%,"4,797","10,064",25%,"10,784",27%,15%,"1,019",14%,782,11%,378,15%,143,24%,766,2%,332,20%,"1,613","63,016",4%,"1,697",1%,275,14%,"5,524",80%,"32,459",18%,"7,184",5%,"2,229",8%,8%,"5,160",12.70%
Lincolnwood,"12,666",5%,295,6%,762,"1,891",15%,"2,198",17%,8%,210,5%,202,6%,170,4%,15,7%,105,1%,53,8%,174,"94,329",3%,359,1%,123,32%,"4,085",65%,"8,218",7%,879,2%,185,3%,5%,836,6.60%
Logan Square,"74,549",6%,"2,762",18%,"13,258","27,009",36%,"28,835",39%,27%,"3,954",18%,"1,243",20%,951,10%,127,25%,"1,230",4%,"1,272",25%,"3,215","65,464",7%,"5,081",1%,622,4%,"3,259",84%,"62,339",47%,"34,677",8%,"5,689",10%,10%,"6,265",8.40%
Loop,"33,442",5%,"1,046",15%,"4,439","5,468",19%,"5,620",19%,15%,340,9%,392,10%,256,7%,50,34%,379,1%,139,30%,"2,151","93,791",13%,"4,426",1%,281,19%,"6,311",69%,"22,963",6%,"2,156",2%,514,2%,13%,"4,871",14.60%
Lower West Side,"34,410",11%,"2,098",29%,"9,846","19,440",57%,"21,191",62%,38%,"3,213",24%,976,25%,723,14%,76,32%,890,7%,786,34%,"2,500","36,014",4%,"1,409",1%,314,3%,873,56%,"19,123",80%,"27,693",39%,"13,478",25%,13%,"3,217",9.30%
Lynwood,"9,297",16%,753,16%,"1,487","3,411",37%,"3,559",38%,27%,619,5%,80,4%,44,4%,14,11%,92,1%,14,23%,485,"49,410",71%,"6,580",0%,5,1%,81,29%,"2,734",11%,979,0%,0,17%,9%,"2,166",23.30%
Lyons,"10,668",8%,442,15%,"1,613","3,757",35%,"4,519",43%,21%,480,10%,212,10%,156,8%,50,20%,260,5%,162,16%,333,"44,534",6%,637,1%,63,2%,212,89%,"9,477",47%,"4,995",5%,543,16%,7%,704,6.60%
Markham,"12,685",17%,877,26%,"3,259","5,816",46%,"6,165",49%,37%,"1,211",15%,379,12%,228,15%,131,16%,254,2%,62,22%,492,"34,433",83%,"10,469",0%,18,0%,50,14%,"1,799",7%,943,4%,503,29%,10%,"3,717",29.30%
Matteson,"19,159",16%,"1,683",11%,"2,128","3,923",21%,"3,964",21%,22%,"1,035",4%,166,5%,113,2%,27,7%,112,2%,111,9%,256,"76,638",83%,"15,933",0%,75,0%,58,16%,"3,128",3%,570,2%,295,11%,7%,"4,675",24.40%
Maywood,"24,138",19%,"2,220",23%,"5,474","10,539",44%,"11,267",47%,37%,"2,223",15%,668,15%,494,8%,93,22%,766,5%,282,24%,"1,086","42,298",75%,"18,097",0%,51,0%,93,15%,"3,688",21%,"5,129",10%,"2,387",36%,7%,"6,590",27.30%
McCook,208,8%,9,9%,18,54,26%,59,28%,0%,0,2%,1,3%,1,0%,0,13%,3,8%,5,12%,6,"43,750",0%,0,0%,0,4%,41,99%,"1,013",7%,68,0%,0,6%,14%,26,12.70%
Mckinley Park,"16,336",14%,"1,136",27%,"4,377","8,100",50%,"8,796",54%,42%,"1,831",14%,323,16%,244,12%,49,28%,502,6%,293,30%,"1,002","42,337",5%,887,3%,411,20%,"3,228",52%,"8,421",59%,"9,612",24%,"3,947",25%,10%,"1,667",10.20%
Melrose Park,"25,491",9%,"1,130",18%,"4,528","11,022",43%,"12,217",48%,25%,"1,887",12%,414,13%,318,5%,34,19%,416,7%,554,18%,866,"45,459",7%,"1,760",1%,155,1%,265,56%,"14,313",73%,"18,626",38%,"9,659",18%,8%,892,3.50%
Merrionette Park,"1,812",10%,104,7%,127,559,31%,602,34%,6%,19,10%,29,5%,8,10%,10,9%,26,2%,16,11%,33,"46,016",7%,122,2%,30,2%,36,84%,"1,529",14%,248,7%,132,9%,5%,207,11.40%
Midlothian,"14,906",12%,"1,027",12%,"1,711","3,389",23%,"3,833",26%,19%,671,3%,66,2%,27,5%,27,15%,206,1%,56,13%,362,"62,351",10%,"1,452",1%,196,2%,336,84%,"12,459",23%,"3,381",9%,"1,282",13%,3%,"1,669",11.20%
Montclare,"12,973",11%,694,15%,"1,945","5,030",39%,"5,795",45%,20%,634,18%,373,14%,225,6%,28,17%,269,3%,117,18%,379,"45,717",7%,915,1%,98,5%,621,64%,"8,314",62%,"8,092",26%,"3,379",17%,9%,685,5.30%
Morgan Park,"22,908",12%,"1,313",18%,"4,095","6,495",29%,"6,832",30%,27%,"1,372",14%,748,14%,548,11%,135,23%,716,2%,142,13%,486,"59,446",69%,"15,722",2%,414,0%,109,31%,"7,026",3%,638,2%,531,17%,6%,"5,524",24.10%
Morton Grove,"23,472",6%,705,9%,"2,056","4,048",17%,"4,469",19%,14%,622,5%,325,5%,266,6%,56,10%,287,2%,115,8%,347,"75,166",3%,714,0%,55,32%,"7,506",64%,"14,905",6%,"1,392",3%,718,6%,7%,"1,784",7.60%
Mount Greenwood,"18,783",7%,616,5%,851,"2,098",12%,"2,398",13%,2%,109,10%,299,11%,236,6%,49,12%,189,0%,20,7%,187,"88,867",4%,746,1%,148,2%,443,93%,"17,509",6%,"1,205",1%,200,4%,4%,"1,414",7.50%
Mount Prospect,"54,710",6%,"1,879",5%,"2,812","9,926",18%,"11,682",21%,7%,861,5%,507,5%,403,0%,11,9%,376,2%,306,5%,514,"69,520",3%,"1,548",1%,697,13%,"7,231",76%,"41,456",17%,"9,018",9%,"5,148",6%,4%,"3,994",7.30%
Near North Side,"85,711",6%,"3,621",12%,"10,379","16,431",20%,"16,806",20%,26%,"1,654",10%,"1,746",8%,"1,097",3%,93,24%,"1,423",1%,317,21%,"3,293","81,081",10%,"8,957",1%,551,13%,"10,848",77%,"65,906",5%,"4,530",2%,"1,372",6%,8%,"12,918",15.10%
Near South Side,"22,401",4%,583,10%,"2,295","4,212",19%,"4,355",20%,13%,455,21%,629,23%,478,23%,129,28%,440,0%,44,19%,705,"80,516",27%,"5,955",0%,32,23%,"5,076",51%,"11,514",6%,"1,393",4%,817,8%,6%,"3,158",14.10%
Near West Side,"61,768",10%,"3,651",25%,"14,425","20,521",36%,"21,690",38%,32%,"2,803",26%,"1,529",31%,"1,179",19%,258,48%,"2,257",1%,306,38%,"4,541","75,463",32%,"19,933",1%,451,17%,"10,448",50%,"30,956",10%,"6,186",3%,"1,671",14%,12%,"13,866",22.40%
New City,"41,083",22%,"4,137",34%,"13,767","25,782",63%,"27,011",66%,48%,"5,942",22%,986,19%,578,15%,97,39%,"1,573",9%,845,30%,"2,344","33,625",25%,"10,298",1%,429,2%,935,52%,"21,436",61%,"24,990",21%,"8,752",36%,11%,"8,227",20.00%
Niles,"29,955",7%,"1,008",12%,"3,336","7,926",28%,"8,914",31%,21%,"1,049",8%,726,8%,581,4%,52,15%,608,2%,164,12%,578,"51,660",2%,625,1%,215,18%,"5,419",78%,"23,427",11%,"3,180",2%,641,9%,7%,"3,025",10.10%
Norridge,"14,856",6%,458,11%,"1,543","3,531",24%,"3,772",26%,15%,370,10%,413,10%,309,4%,19,16%,278,2%,82,13%,318,"58,209",1%,82,0%,25,5%,721,94%,"13,972",10%,"1,461",1%,87,7%,7%,"1,263",8.50%
North Center,"34,623",4%,943,6%,"1,918","4,842",14%,"5,003",14%,3%,232,8%,312,9%,241,2%,15,18%,328,1%,191,12%,705,"90,815",3%,"1,006",1%,415,6%,"2,110",91%,"31,609",14%,"4,987",2%,769,4%,5%,"2,894",8.40%
North Lawndale,"35,276",23%,"2,886",47%,"16,452","24,399",70%,"25,111",72%,63%,"6,972",30%,"1,329",28%,828,32%,309,46%,"2,658",11%,718,41%,"1,954","23,245",90%,"31,919",0%,137,1%,222,6%,"2,168",7%,"2,470",3%,"1,069",53%,10%,"15,472",43.90%
North Park,"18,442",9%,842,14%,"2,498","5,880",33%,"6,362",36%,20%,776,10%,402,11%,384,23%,108,19%,435,3%,187,17%,560,"53,050",5%,856,0%,84,27%,"5,065",65%,"11,959",20%,"3,632",7%,"1,286",16%,7%,"2,371",12.90%
North Riverside,"6,991",9%,341,11%,774,"1,881",27%,"1,962",28%,12%,193,8%,114,5%,55,13%,63,16%,108,2%,46,19%,237,"59,821",4%,293,1%,70,6%,406,82%,"5,756",33%,"2,299",10%,672,16%,6%,545,7.80%
Northbrook,"33,572",5%,752,2%,775,"2,705",8%,"3,142",10%,2%,145,4%,388,4%,312,1%,16,6%,178,1%,50,2%,113,"118,480",0%,0,0%,0,2%,26,97%,"1,358",2%,30,1%,17,1%,3%,"1,947",5.80%
Northfield,"5,305",6%,135,5%,259,512,10%,550,10%,7%,86,4%,68,4%,58,13%,34,6%,21,0%,0,9%,97,"96,989",0%,0,0%,0,2%,26,97%,"1,358",2%,30,1%,17,2%,5%,361,6.80%
Northlake,"12,353",7%,415,15%,"1,860","3,724",31%,"3,981",33%,25%,792,11%,231,13%,178,13%,47,9%,122,4%,190,17%,309,"53,170",0%,0,0%,0,2%,26,97%,"1,358",2%,30,1%,17,13%,9%,296,2.40%
Norwood Park,"36,083",7%,"1,387",6%,"2,203","5,147",14%,"5,676",16%,6%,396,8%,721,8%,537,7%,135,15%,649,1%,123,5%,259,"73,571",2%,702,0%,64,6%,"2,186",91%,"32,679",12%,"4,272",4%,"1,525",5%,6%,"2,755",7.60%
Oak Forest,"28,134",9%,"1,576",6%,"1,602","3,927",14%,"4,803",17%,7%,422,4%,213,4%,134,3%,36,9%,240,1%,61,11%,626,"69,866",5%,"1,531",1%,298,3%,752,89%,"24,918",12%,"3,324",4%,"1,161",9%,4%,"2,673",9.50%
Oak Lawn,"56,980",10%,"2,972",11%,"6,065","14,881",26%,"16,422",29%,17%,"2,119",6%,732,6%,591,2%,66,9%,639,2%,392,10%,"1,047","56,185",4%,27,0%,2,1%,6,99%,751,7%,51,0%,2,10%,5%,"5,812",10.20%
Oak Park,"52,080",8%,"2,227",9%,"4,601","8,084",16%,"8,755",17%,8%,985,8%,724,8%,498,13%,256,18%,775,1%,111,12%,"1,246","80,196",22%,"11,540",1%,267,7%,"3,413",72%,"37,425",7%,"3,835",3%,"1,632",7%,7%,"7,187",13.80%
Oakland,"6,422",21%,678,33%,"2,131","3,293",51%,"3,345",52%,36%,710,48%,433,52%,302,40%,102,58%,581,3%,54,37%,531,"29,441",94%,"6,029",0%,8,2%,109,4%,248,3%,209,1%,44,43%,8%,"2,651",41.30%
O'Hare,"13,483",9%,619,22%,"3,001","5,048",37%,"5,354",40%,42%,"1,227",15%,386,15%,285,25%,117,22%,253,6%,265,16%,353,"45,957",1%,149,1%,191,14%,"1,940",85%,"11,450",9%,"1,150",3%,427,12%,12%,"2,306",17.10%
Olympia Fields,"4,916",12%,285,4%,203,434,9%,434,9%,7%,51,2%,30,1%,20,0%,2,6%,45,0%,0,10%,98,"91,895",75%,"3,660",0%,0,2%,86,26%,"1,265",1%,35,0%,0,6%,2%,959,19.50%
Orland Hills,"7,259",9%,374,12%,859,"2,357",33%,"2,519",35%,18%,347,5%,49,0%,0,0%,0,18%,91,2%,37,10%,169,"72,500",9%,627,2%,131,6%,406,85%,"6,135",10%,722,4%,314,15%,3%,878,12.10%
Orland Park,"58,273",7%,"2,142",5%,"2,939","7,524",13%,"8,464",15%,8%,878,4%,591,4%,450,2%,57,6%,353,1%,170,5%,598,"81,453",3%,"1,609",1%,454,7%,"4,046",90%,"52,585",7%,"3,858",1%,673,4%,4%,"4,312",7.40%
Palatine,"69,188",6%,"2,337",10%,"7,182","15,124",22%,"16,419",24%,16%,"2,662",9%,"1,060",8%,620,2%,56,16%,806,2%,572,13%,"1,729","71,573",3%,"2,296",0%,228,15%,"10,332",73%,"50,201",19%,"12,886",11%,"7,779",7%,5%,"5,743",8.30%
Palos Heights,"12,566",9%,532,3%,323,"1,274",11%,"1,503",13%,2%,41,3%,142,4%,122,2%,15,4%,70,0%,4,3%,70,"78,727",2%,251,0%,12,4%,456,96%,"12,007",4%,481,1%,61,2%,4%,"1,018",8.10%
Palos Hills,"17,596",7%,674,11%,"1,872","3,616",21%,"3,996",23%,19%,645,7%,291,8%,252,6%,68,10%,198,1%,63,12%,474,"55,666",7%,"1,175",1%,85,3%,563,89%,"15,714",8%,"1,470",2%,426,7%,5%,"1,830",10.40%
Palos Park,"4,944",6%,153,4%,182,483,10%,541,11%,3%,25,6%,111,5%,69,14%,49,6%,34,0%,0,3%,27,"77,546",1%,61,0%,0,4%,202,96%,"4,728",7%,354,1%,42,7%,4%,336,6.80%
Park Forest,"21,928",16%,"1,759",19%,"4,182","8,636",40%,"9,125",42%,25%,"1,427",12%,535,13%,382,9%,91,35%,"1,071",3%,180,19%,666,"44,040",16%,"1,153",3%,209,8%,555,73%,"5,390",57%,"4,237",7%,486,21%,7%,"5,855",26.70%
Park Ridge,"37,608",5%,986,4%,"1,633","3,953",11%,"4,410",12%,6%,553,4%,334,3%,217,2%,31,9%,286,1%,86,5%,374,"90,484",16%,"1,153",3%,209,8%,555,73%,"5,390",57%,"4,237",7%,486,3%,4%,"2,520",6.70%
Phoenix,"2,088",27%,258,35%,733,"1,274",61%,"1,299",62%,46%,235,19%,82,11%,37,13%,17,33%,135,10%,49,30%,91,"31,117",87%,"1,808",0%,4,0%,8,13%,268,11%,223,1%,22,34%,16%,793,38.00%
Portage Park,"64,846",9%,"3,490",13%,"8,345","18,785",29%,"20,332",31%,19%,"2,577",13%,"1,425",12%,902,8%,177,18%,"1,072",2%,560,15%,"1,915","57,553",3%,"1,713",0%,275,7%,"4,259",72%,"46,842",42%,"27,108",22%,"14,414",14%,8%,"4,689",7.20%
Posen,"6,319",21%,574,27%,"1,697","3,088",49%,"3,396",54%,37%,677,28%,136,37%,114,0%,0,58%,337,1%,16,22%,233,"47,310",13%,823,3%,175,1%,61,67%,"4,219",62%,"3,912",19%,"1,179",24%,10%,784,12.40%
Prospect Heights,"16,370",4%,367,11%,"1,786","4,478",27%,"4,748",29%,21%,779,7%,240,4%,99,4%,25,7%,106,3%,174,9%,260,"61,442",0%,50,0%,34,9%,"1,448",77%,"12,651",30%,"4,866",14%,"2,319",8%,5%,786,4.80%
Pullman,"6,501",19%,656,24%,"1,552","2,566",40%,"2,687",42%,42%,561,13%,177,15%,149,16%,58,32%,331,1%,20,29%,307,"36,646",84%,"5,480",0%,27,1%,42,14%,909,8%,551,2%,115,29%,7%,"2,142",32.90%
Richton Park,"13,744",15%,"1,078",19%,"2,596","4,380",32%,"4,481",33%,29%,888,9%,216,9%,117,7%,61,28%,373,4%,161,14%,278,"53,132",84%,"11,588",1%,131,2%,256,14%,"1,967",2%,333,1%,103,16%,8%,"4,013",29.20%
River Forest,"11,233",4%,202,4%,455,"1,207",12%,"1,382",13%,2%,43,6%,155,5%,75,6%,24,7%,59,2%,78,7%,115,"99,250",0%,0,0%,0,0%,0,100%,94,0%,0,0%,0,1%,6%,719,6.40%
River Grove,"10,260",8%,470,13%,"1,323","3,161",31%,"3,732",37%,15%,330,13%,270,15%,217,5%,22,18%,176,3%,121,18%,334,"46,514",3%,268,1%,104,3%,277,88%,"9,008",25%,"2,521",10%,981,9%,13%,"1,067",10.40%
Riverdale - Chicago,"7,090",41%,960,65%,"4,501","6,028",86%,"6,117",88%,73%,"2,312",34%,163,30%,104,51%,84,60%,373,27%,233,52%,489,"14,898",95%,"6,748",0%,21,0%,26,3%,215,4%,278,1%,92,59%,14%,"4,196",59.20%
Riverdale - Suburb,"13,106",23%,"1,374",28%,"3,698","6,731",51%,"6,862",52%,37%,"1,323",18%,302,11%,124,12%,57,27%,367,5%,153,20%,391,"32,301",3%,268,1%,104,3%,277,88%,"9,008",25%,"2,521",10%,981,38%,12%,"4,993",38.10%
Riverside,"8,859",8%,353,5%,450,"1,195",13%,"1,253",14%,6%,149,0%,7,1%,7,5%,18,6%,44,1%,35,9%,144,"97,727",2%,163,0%,11,2%,181,93%,"8,242",14%,"1,258",4%,317,7%,2%,620,7.00%
Robbins,"5,157",23%,440,32%,"1,572","2,864",58%,"2,923",60%,42%,478,26%,278,22%,164,30%,115,40%,478,6%,49,23%,210,"23,614",95%,"4,890",0%,13,0%,11,5%,254,2%,107,0%,0,37%,12%,"2,016",39.10%
Rogers Park,"54,402",10%,"3,065",26%,"13,487","23,959",47%,"25,807",50%,31%,"2,978",23%,"1,343",24%,875,15%,266,44%,"2,414",5%,985,35%,"3,909","35,973",27%,"14,825",1%,739,8%,"4,274",63%,"34,089",24%,"13,135",5%,"2,879",21%,12%,"11,159",20.50%
Rolling Meadows,"23,401",8%,"1,075",9%,"2,191","5,325",23%,"5,894",25%,14%,736,6%,283,6%,158,1%,8,11%,253,3%,215,10%,428,"62,299",6%,"1,469",1%,138,9%,"2,146",72%,"16,795",22%,"5,078",13%,"3,047",9%,6%,"2,036",8.70%
Roseland,"42,505",25%,"4,580",27%,"11,265","19,696",47%,"21,094",50%,39%,"3,949",15%,"1,486",12%,861,15%,373,27%,"1,948",3%,294,22%,"1,585","38,541",97%,"41,404",0%,189,0%,199,2%,963,1%,450,1%,246,33%,7%,"16,389",38.60%
Rosemont,"4,305",10%,235,25%,"1,058","1,594",37%,"1,629",38%,52%,520,5%,36,4%,25,7%,15,18%,56,8%,124,12%,84,"48,110",2%,104,0%,0,5%,216,74%,"3,199",38%,"1,647",19%,800,9%,16%,585,13.60%
Sauk Village,"10,540",20%,"1,022",28%,"2,925","5,338",51%,"5,364",51%,40%,"1,306",13%,162,12%,87,10%,45,33%,486,2%,69,19%,331,"41,970",0%,0,0%,0,0%,0,100%,90,0%,0,0%,0,32%,6%,"3,130",29.70%
Schaumburg,"74,559",6%,"2,549",6%,"4,469","10,795",15%,"12,317",17%,7%,"1,095",6%,858,5%,459,3%,85,12%,880,1%,182,10%,"1,314","74,086",0%,0,0%,0,0%,0,100%,90,0%,0,0%,0,6%,5%,"7,009",9.40%
Schiller Park,"11,834",10%,685,12%,"1,371","3,970",34%,"4,224",36%,21%,536,8%,154,4%,46,3%,11,19%,237,3%,123,13%,296,"49,111",0%,0,0%,0,0%,0,100%,90,0%,0,0%,0,8%,7%,"1,053",8.90%
Skokie,"65,061",8%,"2,634",11%,"7,298","16,613",26%,"18,178",28%,15%,"1,944",11%,"1,891",12%,"1,327",4%,83,19%,"1,420",3%,560,10%,"1,252","66,999",7%,"4,840",1%,522,29%,"18,738",65%,"42,056",9%,"6,118",2%,"1,284",12%,7%,"7,287",11.20%
South Barrington,"4,835",7%,173,6%,265,377,8%,377,8%,4%,41,11%,129,10%,81,0%,0,17%,47,0%,0,7%,72,"173,650",0%,0,2%,76,35%,"1,677",67%,"3,240",5%,235,2%,81,0%,9%,222,4.60%
South Chicago,"28,095",22%,"2,709",33%,"9,281","16,211",58%,"16,980",61%,50%,"3,773",21%,"1,083",19%,704,17%,192,33%,"1,479",7%,462,28%,"1,296","29,795",77%,"21,524",0%,22,1%,164,20%,"5,583",22%,"6,083",5%,"1,343",38%,11%,"9,486",33.80%
South Chicago Heights,"4,152",19%,371,19%,769,"2,042",51%,"2,076",51%,14%,129,17%,113,18%,88,5%,9,15%,93,6%,68,27%,170,"32,286",20%,834,1%,34,5%,188,53%,"2,181",36%,"1,504",27%,"1,122",20%,13%,668,16.10%
South Deering,"15,305",25%,"1,767",28%,"4,202","7,920",52%,"8,454",55%,45%,"1,724",22%,684,18%,402,9%,54,29%,678,5%,171,23%,695,"33,437",67%,"10,307",1%,86,0%,36,27%,"4,199",30%,"4,580",6%,942,31%,11%,"4,491",29.30%
South Holland,"22,124",17%,"1,873",9%,"2,000","5,015",23%,"5,607",26%,12%,609,6%,255,6%,202,7%,87,16%,353,2%,104,7%,270,"66,010",80%,"17,721",1%,117,1%,221,19%,"4,301",4%,947,0%,96,12%,6%,"5,155",23.30%
South Lawndale,"73,826",13%,"3,846",37%,"24,076","44,360",67%,"46,425",70%,51%,"10,816",22%,"1,496",22%,982,18%,90,39%,"2,832",12%,"1,929",37%,"4,250","30,467",12%,"8,533",1%,553,0%,331,63%,"46,352",85%,"62,928",25%,"18,752",37%,13%,"7,339",9.90%
South Shore,"49,155",22%,"5,067",37%,"17,631","26,635",55%,"27,851",58%,50%,"5,931",28%,"2,420",26%,"1,507",18%,440,43%,"3,160",7%,788,34%,"2,796","25,804",96%,"47,222",1%,690,1%,374,4%,"1,739",2%,784,1%,472,40%,11%,"20,873",42.50%
Steger,"9,563",12%,654,18%,"1,693","3,101",33%,"3,542",37%,26%,539,16%,278,15%,187,16%,73,21%,252,4%,144,20%,370,"43,118",21%,"2,012",1%,120,2%,191,73%,"6,957",17%,"1,658",8%,751,13%,11%,"1,626",17.00%
Stickney,"6,804",4%,156,8%,514,"2,199",33%,"2,369",35%,8%,131,3%,43,2%,23,0%,0,3%,23,0%,0,21%,212,"51,491",0%,18,2%,157,3%,177,73%,"4,984",51%,"3,488",25%,"1,685",15%,2%, na ,na
Stone Park,"4,947",8%,195,23%,"1,135","2,193",44%,"2,372",48%,36%,503,20%,100,12%,40,14%,6,41%,130,8%,129,15%,134,"36,097",1%,9,0%,0,0%,0,100%,"1,925",0%,0,0%,0,28%,10%, na ,na
Streamwood,"40,865",9%,"2,195",5%,"1,924","7,988",20%,"9,051",22%,5%,513,8%,483,7%,283,2%,33,12%,402,1%,165,6%,448,"74,854",4%,"1,707",0%,113,14%,"5,853",63%,"25,763",30%,"12,276",21%,"8,622",8%,3%,"1,921",4.70%
Summit,"11,447",13%,677,21%,"2,329","5,740",50%,"6,189",54%,29%,950,12%,174,9%,89,11%,44,35%,344,4%,121,24%,462,"42,070",11%,"1,263",0%,37,3%,331,69%,"7,881",65%,"7,467",18%,"2,046",22%,12%,927,8.10%
Thornton,"2,615",13%,166,13%,334,881,34%,900,35%,12%,70,6%,36,6%,25,6%,8,20%,81,1%,7,18%,101,"45,650",9%,242,0%,6,2%,56,86%,"2,238",11%,279,3%,90,11%,10%,369,14.10%
Tinley Park,"57,176",6%,"1,850",8%,"4,762","8,749",15%,"9,583",17%,12%,"1,634",7%,836,8%,613,5%,139,14%,749,1%,272,8%,"1,012","74,215",4%,"2,442",0%,41,5%,"2,609",89%,"50,967",10%,"5,478",4%,"2,167",5%,5%,"4,517",7.90%
Uptown,"55,137",10%,"3,472",24%,"12,928","21,246",40%,"21,930",41%,28%,"1,731",34%,"2,967",31%,"1,840",30%,460,50%,"3,191",3%,670,30%,"3,315","44,848",23%,"12,435",1%,670,10%,"5,775",66%,"36,514",12%,"6,402",4%,"2,029",19%,10%,"11,843",21.50%
Washington Heights,"27,116",20%,"2,594",16%,"4,375","9,584",36%,"10,718",40%,24%,"1,222",10%,651,9%,464,10%,178,22%,969,2%,118,15%,759,"44,914",97%,"26,309",1%,350,0%,36,2%,620,1%,287,1%,148,26%,6%,"8,570",31.60%
Washington Park,"12,081",32%,"1,578",49%,"5,837","8,351",70%,"8,438",71%,61%,"2,665",41%,519,42%,361,30%,128,51%,923,11%,246,44%,822,"23,613",98%,"11,835",1%,141,0%,15,2%,245,1%,158,0%,33,56%,8%,"6,182",51.20%
West Elsdon,"19,192",15%,"1,369",19%,"3,608","8,843",46%,"10,101",53%,26%,"1,408",11%,289,9%,172,4%,15,28%,437,5%,245,16%,592,"45,801",1%,278,2%,421,2%,303,57%,"10,970",80%,"15,385",39%,"7,503",20%,9%,861,4.50%
West Englewood,"32,156",35%,"4,622",39%,"12,289","20,317",64%,"21,208",67%,53%,"4,346",21%,"1,312",18%,857,24%,276,34%,"1,693",8%,387,32%,"1,739","28,049",95%,"30,391",0%,121,0%,42,3%,865,5%,"1,563",4%,"1,202",43%,11%,"14,717",45.80%
West Garfield Park,"17,733",18%,"1,016",47%,"8,327","11,774",67%,"12,478",71%,63%,"3,500",30%,749,29%,529,28%,119,48%,"1,490",13%,425,42%,805,"24,412",96%,"17,003",0%,38,0%,65,2%,430,2%,353,1%,232,54%,9%,"7,483",42.20%
West Lawn,"32,749",13%,"2,211",15%,"4,851","12,939",40%,"14,495",44%,21%,"2,042",10%,425,11%,308,7%,41,21%,588,4%,405,14%,823,"51,521",4%,"1,252",1%,249,1%,377,51%,"16,817",81%,"26,395",45%,"14,720",19%,6%,825,2.50%
West Pullman,"27,973",26%,"3,208",34%,"9,540","14,659",53%,"15,757",57%,56%,"3,993",18%,"1,003",15%,599,13%,199,31%,"1,350",5%,280,31%,"1,540","35,437",94%,"26,295",0%,88,0%,75,5%,"1,303",5%,"1,351",1%,364,37%,9%,"10,863",38.80%
West Ridge,"72,211",9%,"3,190",22%,"15,690","30,218",43%,"33,118",47%,32%,"5,793",18%,"2,272",18%,"1,553",10%,160,28%,"2,297",5%,"1,020",21%,"2,808","48,161",13%,"9,130",1%,631,26%,"18,425",60%,"43,473",18%,"12,672",4%,"3,138",20%,9%,"11,821",16.40%
West Town,"85,582",6%,"3,722",16%,"13,286","23,745",28%,"25,324",30%,25%,"3,384",23%,"1,626",24%,"1,141",13%,147,31%,"1,773",2%,962,24%,"3,892","77,171",9%,"8,062",1%,683,6%,"4,873",78%,"66,989",27%,"23,239",10%,"8,177",11%,7%,"10,160",11.90%
Westchester,"16,783",6%,558,7%,"1,077","2,437",15%,"2,618",16%,11%,364,6%,280,6%,223,3%,30,9%,198,1%,39,9%,278,"71,479",4%,14,0%,0,0%,0,98%,348,1%,3,0%,0,7%,5%,"1,208",7.20%
Western Springs,"13,125",3%,198,1%,176,594,5%,619,5%,1%,34,3%,78,3%,60,0%,0,8%,70,1%,20,0%,0,"141,607",4%,14,0%,0,0%,0,98%,348,1%,3,0%,0,1%,2%,381,2.90%
Wheeling,"37,982",6%,"1,291",14%,"5,152","11,897",32%,"12,375",33%,24%,"2,027",10%,658,12%,534,3%,27,17%,544,3%,428,16%,"1,078","56,110",2%,817,0%,138,16%,"6,146",68%,"25,935",34%,"12,945",14%,"5,472",11%,8%,"2,545",6.70%
Willow Springs,"5,676",8%,268,7%,371,791,14%,880,16%,3%,33,5%,74,4%,38,0%,0,6%,30,1%,12,11%,115,"77,770",0%,0,0%,0,1%,3,99%,445,0%,0,0%,0,3%,5%,494,8.70%
Wilmette,"27,420",4%,552,3%,773,"1,946",7%,"2,092",8%,2%,133,6%,363,6%,283,4%,39,9%,174,0%,25,4%,189,"132,110",1%,305,0%,79,15%,"4,226",85%,"23,199",4%,"1,076",0%,88,2%,3%,"1,426",5.20%
Winnetka,"12,407",4%,206,2%,217,661,5%,729,6%,2%,65,2%,43,2%,34,4%,17,1%,7,0%,16,2%,42,"211,773",1%,90,1%,148,7%,812,94%,"11,676",3%,340,1%,90,0%,2%,347,2.80%
Woodlawn,"26,446",22%,"2,328",40%,"10,062","14,951",60%,"15,309",61%,54%,"3,797",31%,"1,315",30%,847,17%,181,45%,"1,792",5%,274,36%,"1,543","26,027",88%,"23,175",1%,185,4%,"1,046",9%,"2,434",3%,695,1%,270,41%,11%,"11,192",42.30%
Worth,"10,829",11%,663,13%,"1,355","3,242",30%,"3,721",35%,19%,450,7%,123,7%,93,8%,67,17%,186,4%,123,11%,261,"55,702",4%,400,0%,0,2%,228,92%,"10,006",11%,"1,200",3%,301,14%,5%,"1,429",13.20%
,,,,,,,,,,,,,,,,,,,,,,,,,,,,,,,,,,,,,,,,
,,,,,,,,,,,,,,,,,,,,,,,,,,,,,,,,,,,,,,,,
,,,,,,,,,,,,,,,,,,,,,,,,,,,,,,,,,,,,,,,,
,,,,,,,,,,,,,,,,,,,,,,,,,,,,,,,,,,,,,,,,
,,,,,,,,,,,,,,,,,,,,,,,,,,,,,,,,,,,,,,,,
,,,,,,,,,,,,,,,,,,,,,,,,,,,,,,,,,,,,,,,,
,,,,,,,,,,,,,,,,,,,,,,,,,,,,,,,,,,,,,,,,
,,,,,,,,,,,,,,,,,,,,,,,,,,,,,,,,,,,,,,,,
,,,,,,,,,,,,,,,,,,,,,,,,,,,,,,,,,,,,,,,,
,,,,,,,,,,,,,,,,,,,,,,,,,,,,,,,,,,,,,,,,
,,,,,,,,,,,,,,,,,,,,,,,,,,,,,,,,,,,,,,,,
,,,,,,,,,,,,,,,,,,,,,,,,,,,,,,,,,,,,,,,,
,,,,,,,,,,,,,,,,,,,,,,,,,,,,,,,,,,,,,,,,
,,,,,,,,,,,,,,,,,,,,,,,,,,,,,,,,,,,,,,,,